Months,Revenue,Growth_rate
January,1813586,
February,2202022,0.21418118578330447
March,2807100,0.2747829040763443
April,3390670,0.2078907057105197
May,3152606,-0.07021149212397548
June,2577802,-0.18232662121432242
July,2647775,0.0271444432116974
August,2244467,-0.15231958908895205
September,2097560,-0.06545295609157986
October,3736726,0.7814632239363832
November,3199603,-0.14374160695753446
December,4613443,0.44187982071525744
